scene, stress_level
HallwayScene,0.42361581325531
HallwayScene1,0.842179119586945