scene, arousal_level, pleasure_level
HallwaySceneBezier1,0.619750678539276,0.641016364097595
HallwaySceneBezier1,0.630339741706848,0.589532196521759