scene, stress_level
HallwayScene1,0.815829336643219
HallwayScene,0.654280662536621