scene, stress_level
HallwayScene1,0.363342076539993
HallwayScene,0.579123079776764