scene, stress_level
HallwayScene,0.261497914791107
HallwayScene1,0.883922040462494