scene, arousal_level, pleasure_level
HallwayScene,0.292463570833206,0.265077829360962
HallwayScene1,0.725703179836273,0.638310134410858