scene, stress_level
HallwayScene,0.220220759510994,0.735262155532837
HallwayScene1,0.757803857326508,0.2128646671772