scene, stress_level
HallwayScene1,0.321339100599289
HallwayScene,0.76222151517868