scene, stress_level
,0.243051305413246
,0.825467765331268