scene, stress_level
HallwayScene,0.217135086655617
HallwayScene1,0.830416560173035